DATE,SERIES,OPEN,HIGH,LOW,PREV. CLOSE,LTP,CLOSE,VWAP,52W H,52W L,VOLUME,VALUE,NO. OF  TRADES
21-Apr-2026,EQ,"501.75","510.95","501.75","501.05","505.00","504.20","506.75","815.05","421.45",909766,"46,10,20,614.80",24477
20-Apr-2026,EQ,"506.05","509.00","498.55","503.10","499.80","501.05","504.38","815.05","421.45",1272469,"64,18,07,352.95",23353
17-Apr-2026,EQ,"505.00","511.85","499.85","502.25","504.00","503.10","505.21","815.05","421.45",1669379,"84,33,80,761.20",27358
16-Apr-2026,EQ,"496.85","505.00","490.10","489.20","505.00","502.25","497.60","815.05","421.45",2409864,"1,19,91,59,395.25",42528
15-Apr-2026,EQ,"486.20","492.40","484.85","481.55","488.00","489.20","489.17","815.05","421.45",1349136,"65,99,58,484.85",21408
13-Apr-2026,EQ,"476.10","482.65","467.50","483.70","482.00","481.55","478.41","815.05","421.45",743371,"35,56,39,642.30",18863
10-Apr-2026,EQ,"485.70","490.85","479.20","482.25","484.00","483.70","484.19","815.05","421.45",1714106,"82,99,56,838.30",33169
09-Apr-2026,EQ,"473.70","483.40","463.85","473.70","482.20","482.25","478.15","815.05","421.45",1905747,"91,12,34,054.60",35877
08-Apr-2026,EQ,"465.00","475.00","464.50","453.60","474.80","473.70","470.38","815.05","421.45",1435680,"67,53,17,317.00",34677
07-Apr-2026,EQ,"449.80","454.95","443.30","450.45","452.90","453.60","451.34","815.05","421.45",1360169,"61,38,94,390.45",26371
06-Apr-2026,EQ,"441.65","453.00","435.80","439.25","450.50","450.45","447.80","815.05","421.45",1590046,"71,20,20,894.05",29201
02-Apr-2026,EQ,"438.00","441.00","429.00","444.55","438.90","439.25","434.27","815.05","421.45",1378288,"59,85,45,432.10",33671
01-Apr-2026,EQ,"437.95","452.55","434.00","425.30","444.25","444.55","446.91","815.05","421.45",1113085,"49,74,44,901.00",27068
30-Mar-2026,EQ,"431.95","434.20","423.50","438.20","424.00","425.30","429.34","815.05","421.45",3050426,"1,30,96,79,873.85",55312
27-Mar-2026,EQ,"441.00","442.75","432.85","445.15","440.00","438.20","437.17","815.05","421.45",2067540,"90,38,68,018.65",47591
25-Mar-2026,EQ,"443.00","450.55","435.70","433.10","445.00","445.15","445.22","815.05","421.45",1469610,"65,43,05,002.80",28207
24-Mar-2026,EQ,"435.00","439.00","423.40","423.75","439.00","433.10","431.04","815.05","421.45",2423789,"1,04,47,60,698.10",37482
23-Mar-2026,EQ,"442.95","442.95","421.45","447.30","425.10","423.75","425.91","815.05","421.45",2538797,"1,08,12,95,920.15",53473
20-Mar-2026,EQ,"443.90","453.95","443.55","440.65","446.85","447.30","449.14","815.05","438.40",1689715,"75,89,21,619.35",27727
19-Mar-2026,EQ,"454.00","454.95","438.40","458.85","442.50","440.65","444.64","815.05","438.40",1517788,"67,48,72,638.90",32524
18-Mar-2026,EQ,"455.00","463.90","452.55","452.40","458.55","458.85","460.08","815.05","443.50",3362845,"1,54,71,77,678.10",35825
17-Mar-2026,EQ,"458.00","458.00","450.10","454.30","452.00","452.40","452.21","815.05","443.50",1178095,"53,27,45,668.00",28813
16-Mar-2026,EQ,"453.60","457.50","443.50","453.40","452.90","454.30","451.83","815.05","443.50",2268253,"1,02,48,72,348.90",38222
13-Mar-2026,EQ,"465.00","466.10","452.00","467.15","452.05","453.40","456.62","815.05","452.00",1590961,"72,64,68,359.50",26448
12-Mar-2026,EQ,"468.50","471.20","458.45","470.45","468.00","467.15","466.36","815.05","458.45",3982340,"1,85,71,89,426.45",48297
11-Mar-2026,EQ,"476.00","482.75","468.00","472.80","468.50","470.45","477.95","815.05","459.20",1698903,"81,19,88,824.75",34917
10-Mar-2026,EQ,"479.00","479.75","468.45","473.75","474.20","472.80","473.10","815.05","459.20",1298211,"61,41,79,120.95",30218
09-Mar-2026,EQ,"470.00","475.70","461.00","479.75","475.35","473.75","470.13","815.05","459.20",1490001,"70,04,88,797.30",40608
06-Mar-2026,EQ,"479.00","489.00","476.20","479.95","481.20","479.75","485.14","815.05","459.20",972797,"47,19,40,232.30",21655
05-Mar-2026,EQ,"463.45","482.00","459.20","462.20","481.05","479.95","471.99","815.05","459.20",1631195,"76,99,12,232.85",29567
04-Mar-2026,EQ,"472.00","473.95","460.45","479.00","462.00","462.20","464.58","815.05","460.45",2452543,"1,13,94,07,094.25",43032
02-Mar-2026,EQ,"488.95","489.10","474.75","495.65","480.25","479.00","479.56","815.05","472.75",1656198,"79,42,46,094.65",31274
27-Feb-2026,EQ,"499.00","501.30","490.50","499.85","495.00","495.65","495.99","815.05","472.75",1765303,"87,55,73,699.45",22586
26-Feb-2026,EQ,"501.05","502.60","496.00","500.70","500.00","499.85","499.48","815.05","472.75",455187,"22,73,54,727.50",16401
25-Feb-2026,EQ,"506.00","507.60","498.70","505.50","500.60","500.70","502.74","815.05","472.75",837478,"42,10,31,891.15",21228
24-Feb-2026,EQ,"507.05","507.20","498.80","507.05","506.00","505.50","502.86","815.05","472.75",907856,"45,65,28,761.15",20702
23-Feb-2026,EQ,"505.00","512.45","504.00","503.00","507.20","507.05","507.23","815.05","472.75",676014,"34,28,91,547.90",23794
20-Feb-2026,EQ,"503.50","506.65","501.40","505.75","503.80","503.00","503.82","815.05","472.75",500149,"25,19,86,109.50",13220
19-Feb-2026,EQ,"507.50","509.55","501.10","506.55","502.00","505.75","505.48","815.05","472.75",1396400,"70,58,45,305.70",20483
18-Feb-2026,EQ,"505.55","508.45","501.50","505.50","506.00","506.55","505.82","815.05","472.75",862450,"43,62,44,237.65",22337
17-Feb-2026,EQ,"501.80","511.90","501.60","503.75","503.75","505.50","507.21","815.05","472.75",849521,"43,08,81,721.55",18697
16-Feb-2026,EQ,"497.00","504.65","494.00","498.30","503.20","503.75","501.12","815.05","472.75",321857,"16,12,90,271.70",9767
13-Feb-2026,EQ,"503.00","503.90","497.00","506.85","497.50","498.30","500.15","815.05","472.75",588653,"29,44,14,904.50",15018
12-Feb-2026,EQ,"513.45","514.50","504.30","515.15","504.30","506.85","508.44","815.05","472.75",656800,"33,39,41,861.25",15778
11-Feb-2026,EQ,"515.10","516.85","510.15","513.60","515.00","515.15","513.67","815.05","472.75",678384,"34,84,64,834.10",16522
10-Feb-2026,EQ,"512.10","522.30","512.10","513.60","513.85","513.60","516.80","815.05","472.75",1721935,"88,99,01,152.55",24838
09-Feb-2026,EQ,"515.00","516.15","508.25","509.50","513.50","513.60","513.07","815.05","472.75",788634,"40,46,22,608.50",30833
06-Feb-2026,EQ,"519.65","519.65","506.05","522.05","510.75","509.50","510.29","815.05","472.75",2087933,"1,06,54,59,660.40",27873
05-Feb-2026,EQ,"528.40","528.40","517.20","527.15","519.00","522.05","522.57","815.05","472.75",1789564,"93,51,68,040.45",23451
04-Feb-2026,EQ,"529.95","529.95","521.40","527.90","527.00","527.15","525.54","815.05","472.75",938863,"49,34,13,813.95",25393
03-Feb-2026,EQ,"530.00","538.95","519.15","507.85","528.00","527.90","526.71","815.05","472.75",2317632,"1,22,07,18,674.60",52768
02-Feb-2026,EQ,"505.00","513.05","496.50","505.35","508.00","507.85","506.35","815.05","472.75",1356715,"68,69,72,147.75",29280
01-Feb-2026,EQ,"505.00","524.60","485.85","502.25","503.55","505.35","510.21","815.05","472.75",3819145,"1,94,85,61,927.25",63159
30-Jan-2026,EQ,"490.60","506.95","486.40","500.60","502.85","502.25","500.08","815.05","472.75",2721298,"1,36,08,75,792.35",55320
29-Jan-2026,EQ,"499.50","503.50","492.95","496.35","500.00","500.60","498.33","815.05","472.75",829501,"41,33,61,551.45",18665
28-Jan-2026,EQ,"484.90","497.75","484.00","485.35","497.00","496.35","491.58","815.05","472.75",2045216,"1,00,53,89,306.05",31453
27-Jan-2026,EQ,"481.00","487.95","472.75","479.75","484.85","485.35","479.37","815.05","472.75",1625304,"77,91,28,433.40",38878
23-Jan-2026,EQ,"495.95","497.85","478.00","494.35","479.00","479.75","488.25","815.05","478.00",2067105,"1,00,92,59,278.75",42013
22-Jan-2026,EQ,"498.05","506.45","493.35","496.15","497.00","494.35","498.18","815.05","485.65",2130796,"1,06,15,17,519.25",20207
21-Jan-2026,EQ,"498.00","500.30","485.65","497.85","496.00","496.15","495.28","815.05","485.65",1551150,"76,82,53,066.80",29759
20-Jan-2026,EQ,"514.90","515.35","495.05","514.90","497.00","497.85","505.00","815.05","490.55",1509115,"76,21,07,307.65",40816
19-Jan-2026,EQ,"518.00","521.05","512.80","519.70","512.80","514.90","516.49","815.05","490.55",341171,"17,62,12,357.35",12195
16-Jan-2026,EQ,"519.50","524.00","516.65","519.50","520.00","519.70","520.93","815.05","490.55",899884,"46,87,78,579.85",19810
14-Jan-2026,EQ,"517.65","521.10","512.60","517.50","520.80","519.50","517.58","815.05","490.55",1234098,"63,87,46,628.15",29312
13-Jan-2026,EQ,"514.40","520.00","511.05","513.05","517.65","517.50","516.48","815.05","490.55",945349,"48,82,49,909.35",26602
12-Jan-2026,EQ,"510.00","514.60","504.45","513.05","513.25","513.05","510.25","815.05","490.55",1101529,"56,20,59,049.10",25512
09-Jan-2026,EQ,"516.00","521.75","510.35","518.50","512.95","513.05","515.86","815.05","490.55",1180695,"60,90,76,114.20",27640
08-Jan-2026,EQ,"532.70","533.85","515.10","532.80","515.50","518.50","523.63","815.05","490.55",1249186,"65,41,11,325.30",27369
07-Jan-2026,EQ,"528.00","534.00","527.50","529.95","533.65","532.80","531.33","815.05","490.55",900391,"47,84,03,680.20",19718
06-Jan-2026,EQ,"529.00","531.05","525.25","528.35","530.10","529.95","528.86","815.05","490.55",1296041,"68,54,28,979.35",23800
05-Jan-2026,EQ,"532.50","534.00","523.05","531.80","529.00","528.35","528.15","815.05","490.55",1215043,"64,17,19,830.35",21343
02-Jan-2026,EQ,"526.65","532.70","523.65","524.25","532.10","531.80","529.62","815.05","490.55",959087,"50,79,48,812.45",16433
01-Jan-2026,EQ,"527.55","529.00","521.90","524.95","523.50","524.25","524.83","815.05","490.55",515680,"27,06,46,597.90",12763
31-Dec-2025,EQ,"518.00","527.50","517.35","519.00","525.15","524.95","525.30","815.05","490.55",1086995,"57,09,94,950.70",17839
30-Dec-2025,EQ,"520.25","522.75","514.25","519.95","518.05","519.00","519.87","815.05","490.55",2922482,"1,51,92,98,651.95",43579
29-Dec-2025,EQ,"524.90","524.90","514.95","520.30","520.25","519.95","518.92","815.05","490.55",3004989,"1,55,93,46,244.20",44280
26-Dec-2025,EQ,"509.05","523.00","507.85","508.60","519.55","520.30","519.11","815.05","490.55",2498657,"1,29,70,75,920.70",36725
24-Dec-2025,EQ,"515.05","515.30","506.75","512.60","509.05","508.60","510.02","815.05","490.55",476260,"24,29,00,599.15",11887
23-Dec-2025,EQ,"510.70","517.00","506.90","508.40","512.30","512.60","513.26","815.05","490.55",943869,"48,44,53,185.00",22973
22-Dec-2025,EQ,"503.00","509.70","501.85","501.35","507.30","508.40","506.76","815.05","490.55",544519,"27,59,38,526.00",12530
19-Dec-2025,EQ,"500.40","502.40","496.10","498.25","501.55","501.35","500.00","828.90","490.55",656526,"32,82,63,205.25",12791
18-Dec-2025,EQ,"496.35","499.40","490.55","496.35","498.40","498.25","496.45","828.90","490.55",1027471,"51,00,84,070.40",20501
17-Dec-2025,EQ,"499.00","502.20","495.00","499.60","495.05","496.35","497.91","828.90","493.35",642928,"32,01,21,895.15",11692
16-Dec-2025,EQ,"502.75","503.40","497.60","502.75","498.30","499.60","500.15","828.90","493.35",1094602,"54,74,62,368.30",16482
15-Dec-2025,EQ,"506.00","506.00","501.55","505.50","503.00","502.75","503.30","828.90","493.35",381813,"19,21,67,716.20",8248
12-Dec-2025,EQ,"507.90","507.90","498.55","505.95","505.70","505.50","502.56","866.00","493.35",1402759,"70,49,72,449.05",27513
11-Dec-2025,EQ,"505.00","508.00","501.85","503.25","507.10","505.95","505.29","866.00","493.35",594838,"30,05,67,371.05",11500
10-Dec-2025,EQ,"505.60","513.00","501.45","505.65","501.75","503.25","506.83","866.00","493.35",954403,"48,37,16,149.85",12902
09-Dec-2025,EQ,"498.00","509.50","493.35","500.15","505.00","505.65","502.10","866.00","493.35",2303371,"1,15,65,19,655.00",27290
08-Dec-2025,EQ,"508.25","511.20","497.00","511.05","499.75","500.15","504.49","866.00","497.00",2824676,"1,42,50,29,811.45",26838
05-Dec-2025,EQ,"510.50","514.35","507.10","512.70","510.55","511.05","511.00","866.00","500.40",2120474,"1,08,35,57,547.65",25771
04-Dec-2025,EQ,"506.50","515.10","506.45","506.50","511.65","512.70","511.96","866.00","500.40",1718268,"87,96,83,305.80",22718
03-Dec-2025,EQ,"504.00","508.95","500.40","503.40","508.00","506.50","503.93","866.00","500.40",1477035,"74,43,24,566.65",29257
02-Dec-2025,EQ,"504.30","506.80","502.45","505.80","504.25","503.40","504.13","866.00","502.45",2726576,"1,37,45,45,234.75",27100
01-Dec-2025,EQ,"513.10","513.80","504.30","511.25","505.40","505.80","507.81","866.00","504.30",1280746,"65,03,76,194.35",30417
28-Nov-2025,EQ,"515.00","515.90","510.30","514.05","510.95","511.25","512.58","866.00","507.45",599724,"30,74,04,046.95",14003
27-Nov-2025,EQ,"518.65","520.45","513.00","518.60","514.40","514.05","515.24","866.00","507.45",846809,"43,63,06,913.35",16891
26-Nov-2025,EQ,"513.50","523.90","512.70","512.50","518.40","518.60","519.60","866.00","507.45",1680398,"87,31,27,886.10",31336
25-Nov-2025,EQ,"513.50","518.45","510.50","514.95","512.50","512.50","512.96","866.00","507.45",1781603,"91,38,86,086.35",27435
24-Nov-2025,EQ,"511.45","519.45","507.45","511.20","517.75","514.95","514.73","866.00","507.45",36866483,"18,97,63,88,929.80",104371
21-Nov-2025,EQ,"515.35","519.35","510.00","515.40","511.50","511.20","515.02","866.00","510.00",3148760,"1,62,16,65,952.15",37515
20-Nov-2025,EQ,"519.90","519.90","513.40","517.55","516.55","515.40","516.70","866.00","512.00",3145380,"1,62,52,25,399.00",50003
19-Nov-2025,EQ,"525.40","528.40","516.00","522.60","517.00","517.55","521.17","866.00","512.00",1589480,"82,83,86,937.55",34234
18-Nov-2025,EQ,"518.15","526.00","512.00","518.15","524.00","522.60","518.89","866.00","512.00",3630058,"1,88,36,10,343.75",60700
17-Nov-2025,EQ,"518.85","521.95","517.10","518.85","518.40","518.15","519.69","866.00","515.80",1443272,"75,00,55,139.65",24760
14-Nov-2025,EQ,"525.00","525.00","516.55","523.90","519.00","518.85","519.40","866.00","515.80",1470642,"76,38,57,990.40",47392
13-Nov-2025,EQ,"534.05","534.85","522.80","530.45","524.00","523.90","527.38","866.00","515.80",861847,"45,45,22,189.30",19334
12-Nov-2025,EQ,"530.00","538.50","524.70","522.90","531.00","530.45","531.44","866.00","515.80",4975992,"2,64,44,24,796.15",41866
11-Nov-2025,EQ,"522.10","524.10","515.85","521.35","522.00","522.90","521.39","866.00","515.80",3241835,"1,69,02,55,677.05",44934
10-Nov-2025,EQ,"525.90","526.55","520.35","521.70","521.50","521.35","523.64","866.00","515.80",1023573,"53,59,79,926.65",34589
07-Nov-2025,EQ,"519.55","523.50","515.80","519.35","521.90","521.70","520.43","868.00","515.80",1513467,"78,76,55,822.05",21161
06-Nov-2025,EQ,"541.80","541.80","518.00","542.50","519.50","519.35","521.77","868.00","518.00",4558191,"2,37,83,23,447.35",64196
04-Nov-2025,EQ,"549.85","551.00","539.35","549.85","541.55","542.50","543.94","868.00","520.65",711007,"38,67,44,544.05",26480
03-Nov-2025,EQ,"545.55","553.00","544.25","545.25","550.60","549.85","549.42","868.00","520.65",639776,"35,15,08,413.70",19328
31-Oct-2025,EQ,"550.00","550.80","544.10","549.60","546.95","545.25","546.99","868.00","520.65",777245,"42,51,47,671.20",26610
30-Oct-2025,EQ,"557.00","557.00","548.10","553.85","550.00","549.60","551.48","868.00","520.65",1211602,"66,81,75,034.95",25572
29-Oct-2025,EQ,"542.00","555.90","537.10","541.20","555.30","553.85","548.19","868.00","520.65",1653604,"90,64,95,984.80",27229
28-Oct-2025,EQ,"542.00","543.20","536.65","540.75","542.00","541.20","540.05","868.00","520.65",2511759,"1,35,64,82,385.20",35002
27-Oct-2025,EQ,"538.50","544.00","537.00","536.90","541.15","540.75","541.16","868.00","520.65",643617,"34,83,00,099.20",18144
24-Oct-2025,EQ,"535.45","542.50","535.45","534.75","536.95","536.90","539.55","875.95","520.65",1135433,"61,26,22,189.65",29412
23-Oct-2025,EQ,"537.00","539.25","533.55","534.10","535.50","534.75","536.35","875.95","520.65",548423,"29,41,47,587.80",19854
21-Oct-2025,EQ,"536.05","536.65","533.10","533.80","534.40","534.10","534.74","875.95","520.65",111400,"5,95,70,310.95",5178
20-Oct-2025,EQ,"532.00","537.20","530.35","529.50","533.60","533.80","534.49","875.95","520.65",615756,"32,91,15,463.15",20168
17-Oct-2025,EQ,"535.00","535.00","525.70","534.10","530.00","529.50","529.56","889.95","520.65",699709,"37,05,38,246.15",21692
16-Oct-2025,EQ,"530.50","535.75","530.05","529.95","534.45","534.10","533.26","889.95","520.65",533630,"28,45,64,282.90",13849
15-Oct-2025,EQ,"528.20","531.25","526.40","527.25","529.50","529.95","529.48","889.95","520.65",728004,"38,54,64,927.25",23423
14-Oct-2025,EQ,"532.00","533.05","524.50","530.95","527.20","527.25","528.24","889.95","520.65",902886,"47,69,40,652.35",28954
13-Oct-2025,EQ,"541.00","541.40","528.25","541.40","531.50","530.95","531.62","889.95","520.65",910653,"48,41,24,834.70",23373
10-Oct-2025,EQ,"539.00","544.60","536.30","537.75","540.00","541.40","541.52","907.95","520.65",1159952,"62,81,33,457.35",24062
09-Oct-2025,EQ,"536.00","540.80","531.25","528.25","537.75","537.75","537.10","907.95","520.65",1857808,"99,78,26,262.85",54785
08-Oct-2025,EQ,"536.00","539.95","527.00","532.45","528.00","528.25","533.15","907.95","520.65",1021269,"54,44,89,236.60",21285
07-Oct-2025,EQ,"532.50","534.45","529.25","532.15","533.00","532.45","531.92","907.95","520.65",476724,"25,35,77,597.65",13806
06-Oct-2025,EQ,"538.30","540.05","529.25","533.50","532.50","532.15","531.53","907.95","520.65",624403,"33,18,89,308.25",15710
03-Oct-2025,EQ,"526.55","534.25","525.50","526.55","534.15","533.50","530.78","926.95","520.65",809047,"42,94,24,722.40",17422
01-Oct-2025,EQ,"527.00","528.95","523.80","525.80","526.20","526.55","526.08","926.95","520.65",681430,"35,84,84,349.95",14259
30-Sep-2025,EQ,"527.00","527.80","521.00","523.30","524.30","525.80","523.77","926.95","520.65",1831698,"95,93,94,403.05",26943
29-Sep-2025,EQ,"527.20","528.60","520.65","524.80","524.45","523.30","524.87","926.95","520.65",3106751,"1,63,06,30,911.65",26959
26-Sep-2025,EQ,"530.40","533.85","523.40","529.75","525.10","524.80","527.33","926.95","521.70",2785713,"1,46,89,91,296.50",23170
25-Sep-2025,EQ,"531.00","537.85","528.30","530.80","529.00","529.75","531.00","926.95","521.70",3293461,"1,74,88,12,421.30",39856
24-Sep-2025,EQ,"543.00","545.65","529.20","543.75","530.00","530.80","534.45","926.95","521.70",1471214,"78,62,89,603.45",44535
23-Sep-2025,EQ,"552.70","552.70","542.50","550.15","543.50","543.75","545.25","926.95","521.70",1229127,"67,01,81,838.45",33047
22-Sep-2025,EQ,"553.75","560.70","549.25","553.75","550.00","550.15","554.00","926.95","521.70",1119228,"62,00,47,426.95",32074
19-Sep-2025,EQ,"561.05","562.65","552.85","561.10","554.50","553.75","555.41","965.90","521.70",2306017,"1,28,07,79,137.05",40697
18-Sep-2025,EQ,"564.85","564.95","556.00","562.25","559.30","561.10","561.01","965.90","521.70",527563,"29,59,66,864.35",17443
17-Sep-2025,EQ,"568.00","568.00","559.00","564.15","562.00","562.25","562.70","965.90","521.70",600086,"33,76,71,253.70",19896
16-Sep-2025,EQ,"558.00","569.80","556.50","556.00","564.00","564.15","564.74","965.90","521.70",1769006,"99,90,31,669.80",37882
15-Sep-2025,EQ,"551.90","562.90","549.90","550.05","557.20","556.00","557.93","965.90","521.70",5468449,"3,05,09,84,850.70",63663
12-Sep-2025,EQ,"552.55","555.85","548.85","550.00","549.95","550.05","551.87","966.60","521.70",1994357,"1,10,06,35,561.10",26396
11-Sep-2025,EQ,"545.00","554.40","544.25","544.95","549.90","550.00","550.55","966.60","521.70",1512609,"83,27,71,242.10",37048
10-Sep-2025,EQ,"544.05","547.40","540.90","541.55","546.70","544.95","543.83","966.60","521.70",1146430,"62,34,64,622.65",39183
09-Sep-2025,EQ,"548.95","549.00","539.70","546.45","542.00","541.55","541.91","966.60","521.70",673622,"36,50,40,752.45",20363
08-Sep-2025,EQ,"546.80","553.80","543.90","542.25","547.00","546.45","549.66","966.60","521.70",648461,"35,64,35,874.90",17293
05-Sep-2025,EQ,"544.30","548.45","537.10","541.60","543.95","542.25","542.88","979.50","521.70",600344,"32,59,14,679.85",17787
04-Sep-2025,EQ,"554.00","554.00","539.00","548.80","541.70","541.60","544.19","979.50","521.70",581973,"31,67,02,942.80",20553
03-Sep-2025,EQ,"546.00","549.75","544.20","544.80","548.80","548.80","548.07","979.50","521.70",320970,"17,59,12,489.55",11491
02-Sep-2025,EQ,"540.95","549.95","540.95","539.55","544.50","544.80","546.49","979.50","521.70",538311,"29,41,83,509.80",18017
01-Sep-2025,EQ,"530.00","541.05","528.60","527.35","539.50","539.55","537.37","979.50","521.70",515078,"27,67,87,871.90",14048
29-Aug-2025,EQ,"531.25","533.90","526.25","528.85","526.90","527.35","529.02","1,001.25","521.70",826127,"43,70,41,719.90",24950
28-Aug-2025,EQ,"528.00","531.40","521.70","528.45","530.70","528.85","527.59","1,001.25","521.70",2055711,"1,08,45,75,196.40",49299
26-Aug-2025,EQ,"544.95","544.95","527.50","544.40","528.15","528.45","531.44","1,001.25","527.50",1774116,"94,28,37,791.80",44239
25-Aug-2025,EQ,"547.95","550.55","543.00","547.90","544.00","544.40","547.18","1,001.25","529.20",588259,"32,18,85,159.65",15900
22-Aug-2025,EQ,"553.20","556.95","546.90","553.20","548.15","547.90","550.87","1,001.25","529.20",540301,"29,76,36,791.60",16868
21-Aug-2025,EQ,"560.00","560.25","552.55","557.50","553.85","553.20","555.28","1,001.25","529.20",399982,"22,21,00,248.60",13566
20-Aug-2025,EQ,"556.35","560.85","552.55","555.00","558.80","557.50","557.74","1,001.25","529.20",679269,"37,88,56,448.80",17830
19-Aug-2025,EQ,"540.00","556.00","538.60","537.80","556.00","555.00","549.21","1,001.25","529.20",1151826,"63,25,96,253.55",24579
18-Aug-2025,EQ,"535.15","541.00","534.10","531.80","539.00","537.80","538.08","1,001.25","529.20",612703,"32,96,85,950.00",16899
14-Aug-2025,EQ,"541.55","542.00","531.10","541.55","532.50","531.80","533.94","1,001.25","529.20",1253153,"66,91,12,546.55",20869
13-Aug-2025,EQ,"542.00","545.00","536.90","541.55","541.85","541.55","540.46","1,001.25","529.20",894246,"48,33,05,639.60",21911
12-Aug-2025,EQ,"545.00","548.70","540.10","545.30","541.60","541.55","543.92","1,001.25","529.20",1247870,"67,87,43,575.90",24280
11-Aug-2025,EQ,"556.55","556.55","543.15","556.65","545.00","545.30","547.42","1,001.25","529.20",1798513,"98,45,47,775.25",34455
08-Aug-2025,EQ,"554.15","564.80","551.55","553.60","553.35","556.65","559.09","1,015.10","529.20",1821561,"1,01,84,15,619.65",40999
07-Aug-2025,EQ,"550.25","556.95","529.20","554.80","554.75","553.60","542.62","1,015.10","529.20",5497402,"2,98,30,04,507.50",93945
06-Aug-2025,EQ,"583.00","583.00","553.00","578.90","553.10","554.80","559.75","1,015.10","553.00",2817013,"1,57,68,29,912.05",58471
05-Aug-2025,EQ,"579.00","583.25","575.25","581.75","580.45","578.90","579.45","1,015.10","570.60",685480,"39,72,02,170.35",20397
04-Aug-2025,EQ,"573.60","583.25","571.00","573.60","582.95","581.75","577.90","1,015.10","570.60",890380,"51,45,53,180.60",21628
01-Aug-2025,EQ,"578.15","581.95","570.60","578.20","573.00","573.60","575.72","1,059.20","570.60",1111636,"63,99,86,684.70",30094
31-Jul-2025,EQ,"578.90","584.10","576.20","585.15","577.20","578.20","580.77","1,059.20","576.20",1017629,"59,10,13,017.90",30259
30-Jul-2025,EQ,"593.00","598.85","583.45","592.05","584.10","585.15","590.51","1,059.20","583.45",1292143,"76,30,19,120.50",23261
29-Jul-2025,EQ,"587.90","593.65","586.50","590.90","592.25","592.05","591.05","1,059.20","586.50",517700,"30,59,84,524.75",15329
28-Jul-2025,EQ,"595.00","601.80","588.85","598.70","590.35","590.90","593.87","1,059.20","588.10",473659,"28,12,94,100.65",16412
25-Jul-2025,EQ,"604.00","607.75","596.05","606.05","598.05","598.70","599.92","1,059.20","588.10",759608,"45,57,01,927.70",25442
24-Jul-2025,EQ,"610.95","612.00","604.50","609.35","606.00","606.05","607.40","1,059.20","588.10",500417,"30,39,54,966.25",19765
23-Jul-2025,EQ,"609.00","611.40","603.75","607.50","609.65","609.35","607.84","1,059.20","588.10",516705,"31,40,75,825.15",17582
22-Jul-2025,EQ,"616.00","617.00","605.25","613.45","609.00","607.50","608.81","1,059.20","588.10",590163,"35,92,97,653.60",20650
21-Jul-2025,EQ,"613.25","615.60","606.10","613.25","615.60","613.45","612.39","1,059.20","588.10",486223,"29,77,57,057.90",18754
18-Jul-2025,EQ,"622.60","625.00","610.05","621.05","612.75","613.25","615.28","1,075.00","588.10",1099595,"67,65,60,011.30",44107
17-Jul-2025,EQ,"623.00","623.00","617.90","619.90","621.95","621.05","620.90","1,075.00","588.10",523413,"32,49,85,496.95",19762
16-Jul-2025,EQ,"621.00","625.00","618.25","619.80","619.20","619.90","622.02","1,075.00","588.10",1180059,"73,40,16,470.60",25293
15-Jul-2025,EQ,"616.45","623.95","614.00","615.55","620.00","619.80","618.56","1,075.00","588.10",1157630,"71,60,60,828.35",24484
14-Jul-2025,EQ,"614.25","621.45","610.65","614.95","614.80","615.55","616.04","1,075.00","588.10",880400,"54,23,61,163.65",25274
11-Jul-2025,EQ,"627.85","627.90","613.50","627.85","615.95","614.95","618.89","1,075.00","588.10",765764,"47,39,25,183.15",25592
10-Jul-2025,EQ,"618.00","629.20","615.45","615.35","627.10","627.85","624.51","1,075.00","588.10",2800958,"1,74,92,16,690.70",54133
09-Jul-2025,EQ,"598.35","616.50","594.85","598.35","615.00","615.35","610.29","1,075.00","588.10",2743583,"1,67,43,71,197.80",55742
08-Jul-2025,EQ,"593.05","601.50","588.10","597.15","598.70","598.35","595.03","1,075.00","588.10",1238893,"73,71,76,370.85",41505
07-Jul-2025,EQ,"602.00","602.45","590.05","599.65","596.95","597.15","593.73","1,075.00","590.05",1577967,"93,68,83,651.80",36742
04-Jul-2025,EQ,"597.00","606.50","595.00","745.25","598.50","599.65","599.97","1,075.00","595.00",2351859,"1,41,10,45,838.85",56786
03-Jul-2025,EQ,"748.00","753.65","743.05","744.25","746.40","745.25","746.53","1,075.00","601.25",1421722,"1,06,13,62,911.50",35946
02-Jul-2025,EQ,"748.00","752.00","737.50","745.75","745.60","744.25","743.37","1,075.00","601.25",1178924,"87,63,81,295.00",49490
01-Jul-2025,EQ,"764.00","764.90","744.00","759.80","747.30","745.75","748.77","1,075.00","601.25",1545260,"1,15,70,44,603.30",54946
30-Jun-2025,EQ,"760.15","765.45","757.25","756.35","760.95","759.80","760.96","1,075.00","601.25",1498279,"1,14,01,27,025.65",42643
27-Jun-2025,EQ,"757.45","763.90","754.20","754.20","757.00","756.35","758.78","1,081.50","601.25",1347206,"1,02,22,34,923.15",39721
26-Jun-2025,EQ,"760.40","761.95","744.95","756.15","754.00","754.20","751.70","1,081.50","601.25",1839503,"1,38,27,59,952.75",52727
25-Jun-2025,EQ,"752.00","759.10","747.40","745.25","755.30","756.15","752.96","1,081.50","601.25",1019833,"76,78,88,445.50",34361
24-Jun-2025,EQ,"746.00","755.00","742.00","735.35","745.30","745.25","748.14","1,081.50","601.25",1016110,"76,01,88,281.20",39849
23-Jun-2025,EQ,"737.90","739.95","729.25","738.25","735.10","735.35","735.92","1,081.50","601.25",967059,"71,16,77,365.50",30566
20-Jun-2025,EQ,"731.60","740.40","728.00","727.95","735.00","738.25","735.49","1,144.95","601.25",1188510,"87,41,33,651.25",41888
19-Jun-2025,EQ,"747.50","747.50","725.50","745.75","726.10","727.95","732.66","1,144.95","601.25",785289,"57,53,49,787.80",23408
18-Jun-2025,EQ,"749.00","758.00","743.95","750.75","745.90","745.75","749.64","1,144.95","601.25",463355,"34,73,49,574.70",16269
17-Jun-2025,EQ,"764.60","766.85","748.30","764.60","750.90","750.75","755.05","1,144.95","601.25",512843,"38,72,19,566.30",17506
16-Jun-2025,EQ,"759.00","767.45","750.35","761.45","765.00","764.60","761.62","1,144.95","601.25",627121,"47,76,27,175.55",20414
13-Jun-2025,EQ,"753.95","769.80","752.05","772.60","763.45","761.45","762.82","1,153.40","601.25",635981,"48,51,36,815.25",21660
12-Jun-2025,EQ,"790.95","793.20","770.15","789.45","770.95","772.60","784.32","1,153.40","601.25",1400950,"1,09,87,96,528.95",32055
11-Jun-2025,EQ,"800.05","806.90","784.50","799.95","790.00","789.45","795.00","1,153.40","601.25",758940,"60,33,59,404.80",24035
10-Jun-2025,EQ,"805.00","808.50","798.05","801.00","798.55","799.95","803.76","1,153.40","601.25",683470,"54,93,49,141.90",22231
09-Jun-2025,EQ,"810.50","813.40","798.15","809.50","800.95","801.00","802.23","1,153.40","601.25",991760,"79,56,23,111.85",28073
06-Jun-2025,EQ,"805.00","813.30","801.90","804.25","808.00","809.50","810.17","1,180.00","601.25",1495602,"1,21,16,88,621.45",38834
05-Jun-2025,EQ,"811.85","815.05","801.60","805.00","803.60","804.25","808.16","1,180.00","601.25",1890589,"1,52,79,02,065.50",37004
04-Jun-2025,EQ,"789.00","807.50","778.35","785.90","806.20","805.00","797.49","1,180.00","601.25",3078147,"2,45,47,94,571.25",54539
03-Jun-2025,EQ,"780.00","797.05","775.05","778.10","787.00","785.90","788.62","1,180.00","601.25",2238570,"1,76,53,76,476.10",50492
02-Jun-2025,EQ,"784.35","784.40","775.00","784.40","776.40","778.10","778.64","1,180.00","601.25",992423,"77,27,37,052.90",24247
30-May-2025,EQ,"786.00","790.40","774.10","785.95","778.55","784.40","783.28","1,180.00","601.25",2798789,"2,19,22,42,693.20",37507
29-May-2025,EQ,"777.85","791.00","770.10","778.10","788.00","785.95","781.43","1,180.00","601.25",3469052,"2,71,08,11,661.30",48088
28-May-2025,EQ,"771.90","783.70","762.00","768.70","772.00","778.10","773.87","1,180.00","601.25",4998392,"3,86,81,15,003.60",72617
27-May-2025,EQ,"743.50","771.45","736.85","742.40","765.50","768.70","759.14","1,180.00","601.25",5040462,"3,82,64,36,683.95",75479
26-May-2025,EQ,"724.45","745.60","722.05","720.90","742.00","742.40","735.53","1,180.00","601.25",4051660,"2,98,01,23,683.15",66952
23-May-2025,EQ,"720.00","724.35","708.20","737.95","722.00","720.90","717.72","1,180.00","601.25",4244333,"3,04,62,59,328.70",65254
22-May-2025,EQ,"732.00","739.65","724.80","731.55","739.00","737.95","734.48","1,180.00","601.25",2691881,"1,97,71,37,720.70",57161
21-May-2025,EQ,"729.00","736.45","721.00","726.95","731.60","731.55","729.31","1,180.00","601.25",1194655,"87,12,69,873.70",29271
20-May-2025,EQ,"756.50","757.90","724.05","746.95","727.85","726.95","736.34","1,180.00","601.25",2600094,"1,91,45,44,074.85",47964
19-May-2025,EQ,"737.95","756.35","726.50","730.50","746.70","746.95","743.77","1,180.00","601.25",5174486,"3,84,86,47,871.80",76391
16-May-2025,EQ,"696.70","734.00","689.55","690.25","730.50","730.50","714.31","1,180.00","601.25",10905549,"7,78,99,07,642.45",124154
15-May-2025,EQ,"692.60","698.70","687.75","687.35","689.05","690.25","691.17","1,180.00","601.25",2487695,"1,71,94,28,096.95",37032
14-May-2025,EQ,"691.05","703.45","686.30","689.40","687.75","687.35","690.16","1,180.00","601.25",2690976,"1,85,72,16,985.70",35889
13-May-2025,EQ,"688.70","701.90","688.00","688.25","690.00","689.40","694.86","1,180.00","601.25",1385367,"96,26,38,930.15",40206
12-May-2025,EQ,"670.10","690.95","668.00","648.65","690.00","688.25","679.04","1,180.00","601.25",1169913,"79,44,21,957.50",32096
09-May-2025,EQ,"645.30","659.15","645.30","657.40","652.35","648.65","650.73","1,180.00","601.25",925429,"60,22,01,887.30",25779
08-May-2025,EQ,"683.40","684.00","650.60","679.50","652.00","657.40","668.93","1,180.00","601.25",708376,"47,38,51,697.85",28719
07-May-2025,EQ,"671.00","683.90","668.20","673.85","680.15","679.50","677.01","1,180.00","601.25",496218,"33,59,43,174.85",21622
06-May-2025,EQ,"694.40","694.80","672.00","690.40","673.00","673.85","681.59","1,180.00","601.25",719336,"49,02,94,670.00",32688
05-May-2025,EQ,"685.00","695.00","682.05","680.75","690.50","690.40","689.99","1,180.00","601.25",526752,"36,34,51,256.20",19414
02-May-2025,EQ,"674.45","685.00","673.80","673.70","682.80","680.75","679.24","1,180.00","601.25",1122033,"76,21,33,470.70",31186
30-Apr-2025,EQ,"688.00","693.75","668.10","687.05","670.60","673.70","679.90","1,180.00","601.25",1678591,"1,14,12,81,486.45",48468
29-Apr-2025,EQ,"690.60","696.90","685.45","685.40","688.00","687.05","690.02","1,180.00","601.25",536001,"36,98,51,644.25",23875
28-Apr-2025,EQ,"680.00","692.55","677.50","678.75","687.50","685.40","686.48","1,180.00","601.25",825320,"56,65,69,004.20",24125
25-Apr-2025,EQ,"712.50","714.95","675.00","707.65","675.00","678.75","689.52","1,180.00","601.25",1115564,"76,92,00,436.70",39766
24-Apr-2025,EQ,"714.70","715.50","705.00","713.45","705.55","707.65","708.43","1,180.00","601.25",824182,"58,38,75,477.35",21988
23-Apr-2025,EQ,"712.00","716.50","699.20","710.10","711.45","713.45","710.07","1,180.00","601.25",914714,"64,95,09,945.20",33229
22-Apr-2025,EQ,"716.80","716.80","708.00","711.55","709.30","710.10","713.33","1,180.00","601.25",708994,"50,57,47,971.45",19785
21-Apr-2025,EQ,"701.00","716.50","699.20","699.15","711.25","711.55","710.94","1,180.00","601.25",1093697,"77,75,53,250.55",39746